 lyrNum , LyrType,      Fr,      Fc,     Grp,   strdX,   strdY,multiCoreMode,    Pool,  pooKer, pooStrd,enableBias,      Ni,      No,     InW,     InH,    outW,    outH,procTime(us),LayerCycles,kernelOnlyCycles,coreLoopCycles,LayerSetupCycles,dmaPipeupCycles,   IOcyles,inVol(KB),outVol(KB),wtVol(KB), srcMem-IN, dstMem-IN,srcMem-OUT,dstMem-OUT, srcMem-WT, dstMem-WT,MSMCBW-R(M),MSMCBW-W(M),DDRBW-R(M),DDRBW-W(M),dataFlow,utilization,
       1,TIDL_ConvolutionLayer,       3,       3,       1,       2,       2,       0,       0,       0,       1,         1,       3,      12,     416,     416,     208,     208,  341.04,341035.82,321010.82,321060.82, 6300.00,13675.00,61667.50,507.00,507.00,  0.50,       DDR,        L2,      NONE,      MSMC,       DDR,      MSMC,    0.00,    0.52,    0.52,    0.00,       0,   19.02,
       2,TIDL_ConvolutionLayer,       3,       3,       1,       1,       1,       0,       0,       0,       1,         1,      12,      16,     208,     208,     208,     208,  649.71,649708.79,637462.12,637512.12, 7100.00, 5096.67,17412.67,507.00,676.00,  1.88,      MSMC,        L2,      NONE,      MSMC,       DDR,      MSMC,    0.52,    0.70,    0.00,    0.00,       0,   38.74,
       3,TIDL_ConvolutionLayer,       3,       3,       1,       2,       2,       0,       0,       0,       1,         1,      16,      32,     208,     208,     104,     104,  420.15,420152.99,405384.11,405434.11, 8600.00, 6118.89,76790.00,676.00,338.00,  4.75,      MSMC,        L2,      MSMC,       DDR,       DDR,      MSMC,    1.04,    0.36,    0.00,    0.35,       1,   75.26,
       5,TIDL_ConvolutionLayer,       1,       1,       1,       1,       1,       0,       0,       0,       1,         1,      32,      16,     104,     104,     104,     104,   64.71,64706.40,41606.40,41656.40, 7100.00,15950.00,35070.00,338.00,169.00,  0.62,       DDR,        L2,      NONE,      MSMC,       DDR,      MSMC,    0.00,    0.18,    0.35,    0.00,       1,   10.98,
       4,TIDL_ConvolutionLayer,       1,       1,       1,       1,       1,       0,       0,       0,       1,         1,      32,      16,     104,     104,     104,     104,   64.71,64706.40,41606.40,41656.40, 7100.00,15950.00,35070.00,338.00,169.00,  0.62,       DDR,        L2,      NONE,      MSMC,       DDR,      MSMC,    0.00,    0.18,    0.35,    0.00,       1,   10.98,
       6,TIDL_ConvolutionLayer,       1,       1,       1,       1,       1,       0,       0,       0,       1,         1,      16,      16,     104,     104,     104,     104,   53.40,53395.30,40615.30,40665.30, 7100.00, 5630.00, 2557.56,169.00,169.00,  0.38,      MSMC,        L2,      NONE,      MSMC,       DDR,      MSMC,    0.17,    0.18,    0.00,    0.00,       1,   15.69,
       7,TIDL_ConvolutionLayer,       3,       3,       1,       1,       1,       0,       0,       0,       1,         1,      16,      16,     104,     104,     104,     104,  210.73,210730.54,199267.20,199317.20, 6300.00, 5113.33, 2557.56,169.00,169.00,  2.38,      MSMC,        L2,      NONE,      MSMC,       DDR,      MSMC,    0.17,    0.18,    0.00,    0.00,       1,   38.42,
       8,TIDL_EltWiseLayer,       1,       1,       1,       1,       1,       0,       0,       0,       1,         0,      32,      16,     104,     104,     104,     104,   21.97,21969.11, 7568.80,11464.67, 7000.00, 3504.44,11414.67,338.00,169.00,  0.00,      MSMC,        L2,      NONE,      MSMC,       DDR,      MSMC,    0.35,    0.17,    0.00,    0.00,       2,    0.29,
       9,TIDL_ConcatLayer,       1,       1,       1,       1,       1,       0,       0,       0,       1,         0,      32,      32,     104,     104,     104,     104,   28.12,28122.05,13817.60,13867.60,11000.00, 3254.44,10664.67,338.00,338.00,  0.00,      MSMC,        L2,      NONE,      MSMC,       DDR,      MSMC,    0.35,    0.35,    0.00,    0.00,       2,    0.57,
      10,TIDL_ConvolutionLayer,       1,       1,       1,       1,       1,       0,       0,       0,       1,         1,      32,      32,     104,     104,     104,     104,   54.96,54964.00,41624.00,41674.00, 7100.00, 6190.00, 9902.00,338.00,338.00,  1.25,      MSMC,        L2,      NONE,      MSMC,       DDR,      MSMC,    0.35,    0.36,    0.00,    0.00,       1,   36.98,
      11,TIDL_ConvolutionLayer,       3,       3,       1,       2,       2,       0,       0,       0,       1,         1,      32,      64,     104,     104,      52,      52,  378.18,378184.33,361253.21,361303.21, 7100.00, 9781.11, 9902.00,338.00,169.00, 18.38,      MSMC,        L2,      NONE,      MSMC,       DDR,      MSMC,    0.35,    0.21,    0.00,    0.00,       1,   80.53,
      13,TIDL_ConvolutionLayer,       1,       1,       1,       1,       1,       0,       0,       0,       1,         1,      64,      32,      52,      52,      52,      52,   34.41,34411.92,20929.70,20979.70, 7100.00, 6332.22, 2596.67,169.00, 84.50,  2.25,      MSMC,        L2,      NONE,      MSMC,       DDR,      MSMC,    0.18,    0.10,    0.00,    0.00,       1,   29.98,
      12,TIDL_ConvolutionLayer,       1,       1,       1,       1,       1,       0,       0,       0,       1,         1,      64,      32,      52,      52,      52,      52,   34.41,34411.92,20929.70,20979.70, 7100.00, 6332.22, 2596.67,169.00, 84.50,  2.25,      MSMC,        L2,      NONE,      MSMC,       DDR,      MSMC,    0.18,    0.10,    0.00,    0.00,       1,   29.98,
      14,TIDL_ConvolutionLayer,       1,       1,       1,       1,       1,       0,       0,       0,       1,         1,      32,      32,      52,      52,      52,      52,   23.02,23022.08,10464.30,10514.30, 7100.00, 5407.78,    0.00, 84.50, 84.50,  1.25,      MSMC,        L2,      NONE,      MSMC,       DDR,      MSMC,    0.09,    0.10,    0.00,    0.00,       1,   22.67,
      15,TIDL_ConvolutionLayer,       3,       3,       1,       1,       1,       0,       0,       0,       1,         1,      32,      32,      52,      52,      52,      52,  103.88,103876.15,90251.70,90301.70, 7100.00, 6474.44,    0.00, 84.50, 84.50,  9.25,      MSMC,        L2,      NONE,      MSMC,       DDR,      MSMC,    0.09,    0.11,    0.00,    0.00,       1,   73.56,
      16,TIDL_EltWiseLayer,       1,       1,       1,       1,       1,       0,       0,       0,       1,         0,      64,      32,      52,      52,      52,      52,   14.47,14471.33, 3784.40, 3913.56, 7000.00, 3557.78, 3863.56,169.00, 84.50,  0.00,      MSMC,        L2,      NONE,      MSMC,       DDR,      MSMC,    0.18,    0.09,    0.00,    0.00,       2,    0.24,
      17,TIDL_ConvolutionLayer,       1,       1,       1,       1,       1,       0,       0,       0,       1,         1,      32,      32,      52,      52,      52,      52,   23.02,23022.08,10464.30,10514.30, 7100.00, 5407.78,    0.00, 84.50, 84.50,  1.25,      MSMC,        L2,      NONE,      MSMC,       DDR,      MSMC,    0.09,    0.10,    0.00,    0.00,       1,   22.67,
      18,TIDL_ConvolutionLayer,       3,       3,       1,       1,       1,       0,       0,       0,       1,         1,      32,      32,      52,      52,      52,      52,  103.88,103876.15,90251.70,90301.70, 7100.00, 6474.44,    0.00, 84.50, 84.50,  9.25,      MSMC,        L2,      NONE,      MSMC,       DDR,      MSMC,    0.09,    0.11,    0.00,    0.00,       1,   73.56,
      19,TIDL_EltWiseLayer,       1,       1,       1,       1,       1,       0,       0,       0,       1,         0,      64,      32,      52,      52,      52,      52,   14.47,14471.33, 3784.40, 3913.56, 7000.00, 3557.78, 3863.56,169.00, 84.50,  0.00,      MSMC,        L2,      NONE,      MSMC,       DDR,      MSMC,    0.18,    0.09,    0.00,    0.00,       2,    0.24,
      20,TIDL_ConvolutionLayer,       1,       1,       1,       1,       1,       0,       0,       0,       1,         1,      32,      32,      52,      52,      52,      52,   23.02,23022.08,10464.30,10514.30, 7100.00, 5407.78,    0.00, 84.50, 84.50,  1.25,      MSMC,        L2,      NONE,      MSMC,       DDR,      MSMC,    0.09,    0.10,    0.00,    0.00,       1,   22.67,
      21,TIDL_ConvolutionLayer,       3,       3,       1,       1,       1,       0,       0,       0,       1,         1,      32,      32,      52,      52,      52,      52,  103.88,103876.15,90251.70,90301.70, 7100.00, 6474.44,    0.00, 84.50, 84.50,  9.25,      MSMC,        L2,      NONE,      MSMC,       DDR,      MSMC,    0.09,    0.11,    0.00,    0.00,       1,   73.56,
      22,TIDL_EltWiseLayer,       1,       1,       1,       1,       1,       0,       0,       0,       1,         0,      64,      32,      52,      52,      52,      52,   14.47,14471.33, 3784.40, 3913.56, 7000.00, 3557.78, 3863.56,169.00, 84.50,  0.00,      MSMC,        L2,      NONE,      MSMC,       DDR,      MSMC,    0.18,    0.09,    0.00,    0.00,       2,    0.24,
      23,TIDL_ConcatLayer,       1,       1,       1,       1,       1,       0,       0,       0,       1,         0,      64,      64,      52,      52,      52,      52,   21.27,21266.58, 6908.80, 6958.80,11000.00, 3307.78, 3613.56,169.00,169.00,  0.00,      MSMC,        L2,      NONE,      MSMC,       DDR,      MSMC,    0.18,    0.17,    0.00,    0.00,       2,    0.48,
      24,TIDL_ConvolutionLayer,       1,       1,       1,       1,       1,       0,       0,       0,       1,         1,      64,      64,      52,      52,      52,      52,   56.04,56037.42,40955.20,41005.20, 7100.00, 7932.22, 2596.67,169.00,169.00,  4.38,      MSMC,        L2,      NONE,      MSMC,       DDR,      MSMC,    0.18,    0.20,    0.00,    0.00,       1,   58.58,
      25,TIDL_ConvolutionLayer,       3,       3,       1,       2,       2,       0,       0,       0,       1,         1,      64,     128,      52,      52,      26,      26,  399.51,399508.11,372977.00,373027.00, 7100.00,19381.11, 2909.56,169.00, 84.50, 72.75,      MSMC,        L2,      NONE,      MSMC,       DDR,      MSMC,    0.18,    0.20,    0.00,    0.00,       1,   72.06,
      27,TIDL_ConvolutionLayer,       1,       1,       1,       1,       1,       0,       0,       0,       1,         1,     128,      64,      26,      26,      26,      26,   35.94,35943.82,21181.60,21231.60, 7100.00, 7612.22,    0.00, 84.50, 42.25,  8.38,      MSMC,        L2,      NONE,      MSMC,       DDR,      MSMC,    0.09,    0.07,    0.00,    0.00,       1,   40.10,
      26,TIDL_ConvolutionLayer,       1,       1,       1,       1,       1,       0,       0,       0,       1,         1,     128,      64,      26,      26,      26,      26,   35.94,35943.82,21181.60,21231.60, 7100.00, 7612.22,    0.00, 84.50, 42.25,  8.38,      MSMC,        L2,      NONE,      MSMC,       DDR,      MSMC,    0.09,    0.07,    0.00,    0.00,       1,   40.10,
      28,TIDL_ConvolutionLayer,       1,       1,       1,       1,       1,       0,       0,       0,       1,         1,      64,      64,      26,      26,      26,      26,   23.52,23520.34,10855.90,10905.90, 7100.00, 5514.44,    0.00, 42.25, 42.25,  4.38,      MSMC,        L2,      NONE,      MSMC,       DDR,      MSMC,    0.05,    0.07,    0.00,    0.00,       1,   27.79,
      29,TIDL_ConvolutionLayer,       3,       3,       1,       1,       1,       0,       0,       0,       1,         1,      64,      64,      26,      26,      26,      26,  110.39,110390.42,93459.30,93509.30, 7100.00, 9781.11,    0.00, 42.25, 42.25, 36.38,      MSMC,        L2,      NONE,      MSMC,       DDR,      MSMC,    0.05,    0.10,    0.00,    0.00,       1,   64.71,
      30,TIDL_EltWiseLayer,       1,       1,       1,       1,       1,       0,       0,       0,       1,         0,     128,      64,      26,      26,      26,      26,   11.34,11335.33, 2132.20, 2270.89, 7000.00, 2064.44, 2220.89, 84.50, 42.25,  0.00,      MSMC,        L2,      NONE,      MSMC,       DDR,      MSMC,    0.09,    0.04,    0.00,    0.00,       2,    0.18,
      31,TIDL_ConvolutionLayer,       1,       1,       1,       1,       1,       0,       0,       0,       1,         1,      64,      64,      26,      26,      26,      26,   23.52,23520.34,10855.90,10905.90, 7100.00, 5514.44,    0.00, 42.25, 42.25,  4.38,      MSMC,        L2,      NONE,      MSMC,       DDR,      MSMC,    0.05,    0.07,    0.00,    0.00,       1,   27.79,
      32,TIDL_ConvolutionLayer,       3,       3,       1,       1,       1,       0,       0,       0,       1,         1,      64,      64,      26,      26,      26,      26,  110.39,110390.42,93459.30,93509.30, 7100.00, 9781.11,    0.00, 42.25, 42.25, 36.38,      MSMC,        L2,      NONE,      MSMC,       DDR,      MSMC,    0.05,    0.10,    0.00,    0.00,       1,   64.71,
      33,TIDL_EltWiseLayer,       1,       1,       1,       1,       1,       0,       0,       0,       1,         0,     128,      64,      26,      26,      26,      26,   11.34,11335.33, 2132.20, 2270.89, 7000.00, 2064.44, 2220.89, 84.50, 42.25,  0.00,      MSMC,        L2,      NONE,      MSMC,       DDR,      MSMC,    0.09,    0.04,    0.00,    0.00,       2,    0.18,
      34,TIDL_ConvolutionLayer,       1,       1,       1,       1,       1,       0,       0,       0,       1,         1,      64,      64,      26,      26,      26,      26,   23.52,23520.34,10855.90,10905.90, 7100.00, 5514.44,    0.00, 42.25, 42.25,  4.38,      MSMC,        L2,      NONE,      MSMC,       DDR,      MSMC,    0.05,    0.07,    0.00,    0.00,       1,   27.79,
      35,TIDL_ConvolutionLayer,       3,       3,       1,       1,       1,       0,       0,       0,       1,         1,      64,      64,      26,      26,      26,      26,  110.39,110390.42,93459.30,93509.30, 7100.00, 9781.11,    0.00, 42.25, 42.25, 36.38,      MSMC,        L2,      NONE,      MSMC,       DDR,      MSMC,    0.05,    0.10,    0.00,    0.00,       1,   64.71,
      36,TIDL_EltWiseLayer,       1,       1,       1,       1,       1,       0,       0,       0,       1,         0,     128,      64,      26,      26,      26,      26,   11.34,11335.33, 2132.20, 2270.89, 7000.00, 2064.44, 2220.89, 84.50, 42.25,  0.00,      MSMC,        L2,      NONE,      MSMC,       DDR,      MSMC,    0.09,    0.04,    0.00,    0.00,       2,    0.18,
      37,TIDL_ConcatLayer,       1,       1,       1,       1,       1,       0,       0,       0,       1,         0,     128,     128,      26,      26,      26,      26,   16.47,16468.84, 3604.40, 3654.40,11000.00, 1814.44, 1970.89, 84.50, 84.50,  0.00,      MSMC,        L2,      NONE,      MSMC,       DDR,      MSMC,    0.09,    0.09,    0.00,    0.00,       2,    0.36,
      38,TIDL_ConvolutionLayer,       1,       1,       1,       1,       1,       0,       0,       0,       1,         1,     128,     128,      26,      26,      26,      26,   60.41,60406.66,41911.10,41961.10, 7100.00,11345.56,    0.00, 84.50, 84.50, 16.75,      MSMC,        L2,      NONE,      MSMC,       DDR,      MSMC,    0.09,    0.14,    0.00,    0.00,       1,   53.43,
      39,TIDL_ConvolutionLayer,       3,       3,       1,       2,       2,       0,       0,       0,       1,         1,     128,     256,      26,      26,      13,      13,  466.39,466390.46,406294.91,406344.91, 7100.00,52945.55,    0.00, 84.50, 42.25,289.50,      MSMC,        L2,      NONE,      MSMC,       DDR,      MSMC,    0.09,    0.42,    0.00,    0.00,       1,   49.96,
      40,TIDL_ConvolutionLayer,       1,       1,       1,       1,       1,       0,       0,       0,       1,         1,     256,     128,      13,      13,      13,      13,   42.35,42345.17,23138.50,23188.50, 7100.00,12056.67,    0.00, 42.25, 21.12, 32.75,      MSMC,        L2,      NONE,      MSMC,       DDR,      MSMC,    0.05,    0.10,    0.00,    0.00,       1,   31.84,
      41,TIDL_PoolingLayer,       3,       3,       1,       1,       1,       0,       0,       3,       1,         0,     128,     128,      13,      13,      13,      13,    9.14, 9138.63, 2485.30, 2535.30, 5500.00, 1103.33,    0.00, 21.25, 21.12,  0.00,      MSMC,        L2,      NONE,      MSMC,       DDR,      MSMC,    0.02,    0.02,    0.00,    0.00,       2,    1.13,
      44,TIDL_PoolingLayer,       3,       3,       1,       1,       1,       0,       0,       3,       1,         0,     128,     128,      13,      13,      13,      13,    9.14, 9138.63, 2485.30, 2535.30, 5500.00, 1103.33,    0.00, 21.25, 21.12,  0.00,      MSMC,        L2,      NONE,      MSMC,       DDR,      MSMC,    0.02,    0.02,    0.00,    0.00,       2,    1.13,
      47,TIDL_PoolingLayer,       3,       3,       1,       1,       1,       0,       0,       3,       1,         0,     128,     128,      13,      13,      13,      13,    9.14, 9138.63, 2485.30, 2535.30, 5500.00, 1103.33,    0.00, 21.25, 21.12,  0.00,      MSMC,        L2,      NONE,      MSMC,       DDR,      MSMC,    0.02,    0.02,    0.00,    0.00,       2,    1.13,
      49,TIDL_PoolingLayer,       3,       3,       1,       1,       1,       0,       0,       3,       1,         0,     128,     128,      13,      13,      13,      13,    9.14, 9138.63, 2485.30, 2535.30, 5500.00, 1103.33,    0.00, 21.25, 21.12,  0.00,      MSMC,        L2,      NONE,      MSMC,       DDR,      MSMC,    0.02,    0.02,    0.00,    0.00,       2,    1.13,
      51,TIDL_PoolingLayer,       3,       3,       1,       1,       1,       0,       0,       3,       1,         0,     128,     128,      13,      13,      13,      13,    9.14, 9138.63, 2485.30, 2535.30, 5500.00, 1103.33,    0.00, 21.25, 21.12,  0.00,      MSMC,        L2,      NONE,      MSMC,       DDR,      MSMC,    0.02,    0.02,    0.00,    0.00,       2,    1.13,
      52,TIDL_PoolingLayer,       3,       3,       1,       1,       1,       0,       0,       3,       1,         0,     128,     128,      13,      13,      13,      13,    9.14, 9138.63, 2485.30, 2535.30, 5500.00, 1103.33,    0.00, 21.25, 21.12,  0.00,      MSMC,        L2,      NONE,      MSMC,       DDR,      MSMC,    0.02,    0.02,    0.00,    0.00,       2,    1.13,
      42,TIDL_PoolingLayer,       3,       3,       1,       1,       1,       0,       0,       3,       1,         0,     128,     128,      13,      13,      13,      13,    9.14, 9138.63, 2485.30, 2535.30, 5500.00, 1103.33,    0.00, 21.25, 21.12,  0.00,      MSMC,        L2,      NONE,      MSMC,       DDR,      MSMC,    0.02,    0.02,    0.00,    0.00,       2,    1.13,
      45,TIDL_PoolingLayer,       3,       3,       1,       1,       1,       0,       0,       3,       1,         0,     128,     128,      13,      13,      13,      13,    9.14, 9138.63, 2485.30, 2535.30, 5500.00, 1103.33,    0.00, 21.25, 21.12,  0.00,      MSMC,        L2,      NONE,      MSMC,       DDR,      MSMC,    0.02,    0.02,    0.00,    0.00,       2,    1.13,
      48,TIDL_PoolingLayer,       3,       3,       1,       1,       1,       0,       0,       3,       1,         0,     128,     128,      13,      13,      13,      13,    9.14, 9138.63, 2485.30, 2535.30, 5500.00, 1103.33,    0.00, 21.25, 21.12,  0.00,      MSMC,        L2,      NONE,      MSMC,       DDR,      MSMC,    0.02,    0.02,    0.00,    0.00,       2,    1.13,
      50,TIDL_PoolingLayer,       3,       3,       1,       1,       1,       0,       0,       3,       1,         0,     128,     128,      13,      13,      13,      13,    9.14, 9138.63, 2485.30, 2535.30, 5500.00, 1103.33,    0.00, 21.25, 21.12,  0.00,      MSMC,        L2,      NONE,      MSMC,       DDR,      MSMC,    0.02,    0.02,    0.00,    0.00,       2,    1.13,
      43,TIDL_PoolingLayer,       3,       3,       1,       1,       1,       0,       0,       3,       1,         0,     128,     128,      13,      13,      13,      13,    9.14, 9138.63, 2485.30, 2535.30, 5500.00, 1103.33,    0.00, 21.25, 21.12,  0.00,      MSMC,        L2,      NONE,      MSMC,       DDR,      MSMC,    0.02,    0.02,    0.00,    0.00,       2,    1.13,
      46,TIDL_PoolingLayer,       3,       3,       1,       1,       1,       0,       0,       3,       1,         0,     128,     128,      13,      13,      13,      13,    9.14, 9138.63, 2485.30, 2535.30, 5500.00, 1103.33,    0.00, 21.25, 21.12,  0.00,      MSMC,        L2,      NONE,      MSMC,       DDR,      MSMC,    0.02,    0.02,    0.00,    0.00,       2,    1.13,
      53,TIDL_ConcatLayer,       1,       1,       1,       1,       1,       0,       0,       0,       1,         0,     512,     512,      13,      13,      13,      13,   27.06,27057.73, 3904.40, 3954.40,22000.00, 1103.33, 3566.00, 84.50, 84.50,  0.00,      MSMC,        L2,      NONE,      MSMC,       DDR,      MSMC,    0.10,    0.09,    0.00,    0.00,       2,    0.36,
      54,TIDL_ConvolutionLayer,       1,       1,       1,       1,       1,       0,       0,       0,       1,         1,     512,     256,      13,      13,      13,      13,  129.93,129927.56,90880.90,90930.90, 7100.00,31896.67,    0.00, 84.50, 42.25,129.50,      MSMC,        L2,      NONE,      MSMC,       DDR,      MSMC,    0.10,    0.26,    0.00,    0.00,       1,   44.07,
      55,TIDL_ConvolutionLayer,       1,       1,       1,       1,       1,       0,       0,       0,       1,         1,     256,     128,      13,      13,      13,      13,   42.35,42345.17,23138.50,23188.50, 7100.00,12056.67,    0.00, 42.25, 21.12, 32.75,      MSMC,        L2,      NONE,      MSMC,       DDR,      MSMC,    0.05,    0.10,    0.00,    0.00,       1,   31.84,
      57,TIDL_ConvolutionLayer,       1,       1,       1,       1,       1,       0,       0,       0,       1,         1,     128,     128,      13,      13,      13,      13,   28.09,28094.50,11874.50,11924.50, 7100.00, 9070.00,    0.00, 21.12, 21.12, 16.75,      MSMC,        L2,      NONE,      MSMC,       DDR,      MSMC,    0.02,    0.08,    0.00,    0.00,       1,   23.20,
      58,TIDL_ConvolutionLayer,       3,       3,       1,       1,       1,       0,       0,       0,       1,         1,     128,     128,      13,      13,      13,      13,  115.02,115023.17,101986.50,102036.50, 6300.00, 6686.67,    0.00, 21.12, 21.12,144.75,      MSMC,        L2,      NONE,      MSMC,       DDR,      MSMC,    0.02,    0.06,    0.00,    0.00,       1,   44.89,
      56,TIDL_ConvolutionLayer,       1,       1,       1,       1,       1,       0,       0,       0,       1,         1,     256,     128,      13,      13,      13,      13,   42.35,42345.17,23138.50,23188.50, 7100.00,12056.67,    0.00, 42.25, 21.12, 32.75,      MSMC,        L2,      NONE,      MSMC,       DDR,      MSMC,    0.05,    0.10,    0.00,    0.00,       1,   31.84,
      59,TIDL_ConcatLayer,       1,       1,       1,       1,       1,       0,       0,       0,       1,         0,     256,     256,      13,      13,      13,      13,   14.11,14105.53, 1952.20, 2002.20,11000.00, 1103.33, 1188.67, 42.25, 48.75,  0.00,      MSMC,        L2,      NONE,      MSMC,       DDR,      MSMC,    0.05,    0.04,    0.00,    0.00,       2,    0.23,
      60,TIDL_ConvolutionLayer,       1,       1,       1,       1,       1,       0,       0,       0,       1,         1,     256,     256,      13,      13,      13,      13,   74.63,74631.57,45824.90,45874.90, 7100.00,21656.67,    0.00, 48.75, 48.75, 65.50,      MSMC,        L2,      NONE,      MSMC,       DDR,      MSMC,    0.05,    0.19,    0.00,    0.00,       1,   38.89,
      61,TIDL_ConvolutionLayer,       1,       1,       1,       1,       1,       0,       0,       0,       1,         1,     256,     128,      13,      13,      13,      13,   42.35,42345.17,23138.50,23188.50, 7100.00,12056.67,    0.00, 48.75, 24.38, 32.75,      MSMC,        L2,      NONE,      MSMC,       DDR,      MSMC,    0.05,    0.10,    0.00,    0.00,       1,   30.94,
      62,TIDL_ResizeLayer,       3,       3,       1,       2,       2,       0,       0,       0,       1,         0,     128,     128,      13,      13,      26,      26,   15.94,15935.08, 8997.30, 9047.30, 5500.00, 1387.78,    0.00, 24.38, 91.12,  0.00,      MSMC,        L2,      NONE,      MSMC,       DDR,      MSMC,    0.03,    0.09,    0.00,    0.00,       2,    0.34,
      63,TIDL_ConcatLayer,       1,       1,       1,       1,       1,       0,       0,       0,       1,         0,     256,     256,      26,      26,      26,      26,   21.34,21337.69, 6908.80, 6958.80,11000.00, 3378.89, 3691.78,182.00,169.00,  0.00,      MSMC,        L2,      NONE,      MSMC,       DDR,      MSMC,    0.18,    0.17,    0.00,    0.00,       2,    0.45,
      64,TIDL_ConvolutionLayer,       1,       1,       1,       1,       1,       0,       0,       0,       1,         1,     256,      64,      26,      26,      26,      26,   59.05,59045.42,42363.20,42413.20, 7100.00, 9532.22, 3378.89,169.00, 42.25, 16.38,      MSMC,        L2,      NONE,      MSMC,       DDR,      MSMC,    0.20,    0.08,    0.00,    0.00,       1,   51.59,
      66,TIDL_ConvolutionLayer,       1,       1,       1,       1,       1,       0,       0,       0,       1,         1,      64,      64,      26,      26,      26,      26,   23.52,23520.34,10855.90,10905.90, 7100.00, 5514.44,    0.00, 42.25, 42.25,  4.38,      MSMC,        L2,      NONE,      MSMC,       DDR,      MSMC,    0.05,    0.07,    0.00,    0.00,       1,   27.79,
      67,TIDL_ConvolutionLayer,       3,       3,       1,       1,       1,       0,       0,       0,       1,         1,      64,      64,      26,      26,      26,      26,  110.39,110390.42,93459.30,93509.30, 7100.00, 9781.11,    0.00, 42.25, 42.25, 36.38,      MSMC,        L2,      NONE,      MSMC,       DDR,      MSMC,    0.05,    0.10,    0.00,    0.00,       1,   64.71,
      65,TIDL_ConvolutionLayer,       1,       1,       1,       1,       1,       0,       0,       0,       1,         1,     256,      64,      26,      26,      26,      26,   59.05,59045.42,42363.20,42413.20, 7100.00, 9532.22, 3378.89,169.00, 42.25, 16.38,      MSMC,        L2,      NONE,      MSMC,       DDR,      MSMC,    0.20,    0.08,    0.00,    0.00,       1,   51.59,
      68,TIDL_ConcatLayer,       1,       1,       1,       1,       1,       0,       0,       0,       1,         0,     128,     128,      26,      26,      26,      26,   16.47,16468.84, 3604.40, 3654.40,11000.00, 1814.44, 1970.89, 84.50, 91.00,  0.00,      MSMC,        L2,      NONE,      MSMC,       DDR,      MSMC,    0.09,    0.09,    0.00,    0.00,       2,    0.34,
      69,TIDL_ConvolutionLayer,       1,       1,       1,       1,       1,       0,       0,       0,       1,         1,     128,     128,      26,      26,      26,      26,   60.41,60406.66,41911.10,41961.10, 7100.00,11345.56,    0.00, 91.00, 91.00, 16.75,      MSMC,        L2,      NONE,      MSMC,       DDR,      MSMC,    0.09,    0.14,    0.00,    0.00,       1,   53.43,
      70,TIDL_ConvolutionLayer,       1,       1,       1,       1,       1,       0,       0,       0,       1,         1,     128,      64,      26,      26,      26,      26,   35.94,35943.82,21181.60,21231.60, 7100.00, 7612.22,    0.00, 91.00, 45.50,  8.38,      MSMC,        L2,      NONE,      MSMC,       DDR,      MSMC,    0.09,    0.07,    0.00,    0.00,       1,   37.47,
      71,TIDL_ResizeLayer,       3,       3,       1,       2,       2,       0,       0,       0,       1,         0,      64,      64,      26,      26,      52,      52,   15.94,15940.77, 8434.10, 8484.10, 5500.00, 1956.67,    0.00, 45.50,175.62,  0.00,      MSMC,        L2,      NONE,      MSMC,       DDR,      MSMC,    0.05,    0.17,    0.00,    0.00,       2,    0.46,
      72,TIDL_ConcatLayer,       1,       1,       1,       1,       1,       0,       0,       0,       1,         0,     128,     128,      52,      52,      52,      52,   28.18,28175.38,13817.60,13867.60,11000.00, 3307.78,10840.67,351.00,338.00,  0.00,      MSMC,        L2,      NONE,      MSMC,       DDR,      MSMC,    0.35,    0.35,    0.00,    0.00,       2,    0.56,
      73,TIDL_ConvolutionLayer,       1,       1,       1,       1,       1,       0,       0,       0,       1,         1,     128,      32,      52,      52,      52,      52,   55.61,55608.29,41859.40,41909.40, 7100.00, 6598.89,10136.67,338.00, 84.50,  4.25,      MSMC,        L2,      NONE,      MSMC,       DDR,      MSMC,    0.36,    0.10,    0.00,    0.00,       1,   35.82,
      75,TIDL_ConvolutionLayer,       1,       1,       1,       1,       1,       0,       0,       0,       1,         1,      32,      32,      52,      52,      52,      52,   23.02,23022.08,10464.30,10514.30, 7100.00, 5407.78,    0.00, 84.50, 84.50,  1.25,      MSMC,        L2,      NONE,      MSMC,       DDR,      MSMC,    0.09,    0.10,    0.00,    0.00,       1,   22.67,
      76,TIDL_ConvolutionLayer,       3,       3,       1,       1,       1,       0,       0,       0,       1,         1,      32,      32,      52,      52,      52,      52,  103.88,103876.15,90251.70,90301.70, 7100.00, 6474.44,    0.00, 84.50, 84.50,  9.25,      MSMC,        L2,      NONE,      MSMC,       DDR,      MSMC,    0.09,    0.11,    0.00,    0.00,       1,   73.56,
      74,TIDL_ConvolutionLayer,       1,       1,       1,       1,       1,       0,       0,       0,       1,         1,     128,      32,      52,      52,      52,      52,   55.61,55608.29,41859.40,41909.40, 7100.00, 6598.89,10136.67,338.00, 84.50,  4.25,      MSMC,        L2,      NONE,      MSMC,       DDR,      MSMC,    0.36,    0.10,    0.00,    0.00,       1,   35.82,
      77,TIDL_ConcatLayer,       1,       1,       1,       1,       1,       0,       0,       0,       1,         0,      64,      64,      52,      52,      52,      52,   21.27,21266.58, 6908.80, 6958.80,11000.00, 3307.78, 3613.56,169.00,169.00,  0.00,      MSMC,        L2,      NONE,      MSMC,       DDR,      MSMC,    0.18,    0.17,    0.00,    0.00,       2,    0.48,
      78,TIDL_ConvolutionLayer,       1,       1,       1,       1,       1,       0,       0,       0,       1,         1,      64,      64,      52,      52,      52,      52,   56.04,56037.42,40955.20,41005.20, 7100.00, 7932.22, 2596.67,169.00,169.00,  4.38,      MSMC,        L2,      NONE,      MSMC,       DDR,      MSMC,    0.18,    0.20,    0.00,    0.00,       1,   58.58,
      80,TIDL_ConvolutionLayer,       1,       1,       1,       1,       1,       0,       0,       0,       1,         1,      64,      64,      52,      52,      52,      52,   56.04,56037.42,40955.20,41005.20, 7100.00, 7932.22, 2596.67,169.00,169.00,  4.38,      MSMC,        L2,      NONE,      MSMC,       DDR,      MSMC,    0.18,    0.20,    0.00,    0.00,       1,   58.58,
      83,TIDL_ConvolutionLayer,       3,       3,       1,       1,       1,       0,       0,       0,       1,         1,      64,      64,      52,      52,      52,      52,  379.45,379451.50,360102.61,360152.61, 7100.00,12198.89, 2596.67,169.00,169.00, 36.38,      MSMC,        L2,      NONE,      MSMC,       DDR,      MSMC,    0.18,    0.23,    0.00,    0.00,       1,   85.27,
      87,TIDL_ConvolutionLayer,       3,       3,       1,       1,       1,       0,       0,       0,       1,         1,      64,      64,      52,      52,      52,      52,  373.60,373601.50,360102.61,360152.61, 6300.00, 7148.89, 2596.67,169.00,169.00, 36.38,      MSMC,        L2,      NONE,      MSMC,       DDR,      MSMC,    0.18,    0.19,    0.00,    0.00,       1,   85.27,
      91,TIDL_ConvolutionLayer,       1,       1,       1,       1,       1,       0,       0,       0,       1,         1,      64,       1,      52,      52,      52,      52,   51.51,51508.41,41517.30,41567.30, 7100.00, 2841.11, 5599.78,169.00,  5.38,  0.25,      MSMC,        L2,      NONE,      MSMC,       DDR,      MSMC,    0.18,    0.01,    0.00,    0.00,       1,    0.95,
      82,TIDL_ConvolutionLayer,       3,       3,       1,       1,       1,       0,       0,       0,       1,         1,      64,      64,      52,      52,      52,      52,  379.45,379451.50,360102.61,360152.61, 7100.00,12198.89, 2596.67,169.00,169.00, 36.38,      MSMC,        L2,      NONE,      MSMC,       DDR,      MSMC,    0.18,    0.23,    0.00,    0.00,       1,   85.27,
      86,TIDL_ConvolutionLayer,       3,       3,       1,       1,       1,       0,       0,       0,       1,         1,      64,      64,      52,      52,      52,      52,  379.45,379451.50,360102.61,360152.61, 7100.00,12198.89, 2596.67,169.00,169.00, 36.38,      MSMC,        L2,      NONE,      MSMC,       DDR,      MSMC,    0.18,    0.23,    0.00,    0.00,       1,   85.27,
      89,TIDL_ConvolutionLayer,       1,       1,       1,       1,       1,       0,       0,       0,       1,         1,      64,       1,      52,      52,      52,      52,   51.51,51508.41,41517.30,41567.30, 7100.00, 2841.11, 5599.78,169.00,  5.38,  0.25,      MSMC,        L2,      NONE,      MSMC,       DDR,      MSMC,    0.18,    0.01,    0.00,    0.00,       1,    0.95,
      90,TIDL_ConvolutionLayer,       1,       1,       1,       1,       1,       0,       0,       0,       1,         1,      64,       4,      52,      52,      52,      52,   51.81,51808.41,41517.30,41567.30, 7100.00, 3141.11, 5599.78,169.00, 21.12,  0.62,      MSMC,        L2,      NONE,      MSMC,       DDR,      MSMC,    0.18,    0.02,    0.00,    0.00,       1,    3.76,
      93,TIDL_ConcatLayer,       1,       1,       1,       1,       1,       0,       0,       0,       1,         0,       6,       6,      52,      52,      52,      52,   19.50,19501.51, 2510.40, 2560.40,16500.00,  441.11, 2301.11, 31.75, 31.75,  0.00,      MSMC,        L2,      NONE,      MSMC,       DDR,      MSMC,    0.03,    0.03,    0.00,    0.00,       2,    0.10,
      79,TIDL_ConvolutionLayer,       3,       3,       1,       2,       2,       0,       0,       0,       1,         1,      64,      64,      52,      52,      26,      26,  206.03,206027.05,186962.61,187012.61, 7100.00,11914.44, 2909.56,169.00, 42.25, 36.38,      MSMC,        L2,      NONE,      MSMC,       DDR,      MSMC,    0.18,    0.10,    0.00,    0.00,       1,   65.87,
      81,TIDL_ConcatLayer,       1,       1,       1,       1,       1,       0,       0,       0,       1,         0,     128,     128,      26,      26,      26,      26,   16.47,16468.84, 3604.40, 3654.40,11000.00, 1814.44, 1970.89, 91.00, 84.50,  0.00,      MSMC,        L2,      NONE,      MSMC,       DDR,      MSMC,    0.09,    0.09,    0.00,    0.00,       2,    0.34,
      84,TIDL_ConvolutionLayer,       1,       1,       1,       1,       1,       0,       0,       0,       1,         1,     128,      64,      26,      26,      26,      26,   35.94,35943.82,21181.60,21231.60, 7100.00, 7612.22,    0.00, 84.50, 42.25,  8.38,      MSMC,        L2,      NONE,      MSMC,       DDR,      MSMC,    0.09,    0.07,    0.00,    0.00,       1,   40.10,
      88,TIDL_ConvolutionLayer,       1,       1,       1,       1,       1,       0,       0,       0,       1,         1,      64,      64,      26,      26,      26,      26,   23.52,23520.34,10855.90,10905.90, 7100.00, 5514.44,    0.00, 42.25, 42.25,  4.38,      MSMC,        L2,      NONE,      MSMC,       DDR,      MSMC,    0.05,    0.07,    0.00,    0.00,       1,   27.79,
      92,TIDL_ConvolutionLayer,       3,       3,       1,       1,       1,       0,       0,       0,       1,         1,      64,      64,      26,      26,      26,      26,  110.39,110390.42,93459.30,93509.30, 7100.00, 9781.11,    0.00, 42.25, 42.25, 36.38,      MSMC,        L2,      NONE,      MSMC,       DDR,      MSMC,    0.05,    0.10,    0.00,    0.00,       1,   64.71,
      85,TIDL_ConvolutionLayer,       1,       1,       1,       1,       1,       0,       0,       0,       1,         1,     128,      64,      26,      26,      26,      26,   35.94,35943.82,21181.60,21231.60, 7100.00, 7612.22,    0.00, 84.50, 42.25,  8.38,      MSMC,        L2,      NONE,      MSMC,       DDR,      MSMC,    0.09,    0.07,    0.00,    0.00,       1,   40.10,
      94,TIDL_ConcatLayer,       1,       1,       1,       1,       1,       0,       0,       0,       1,         0,     128,     128,      26,      26,      26,      26,   16.47,16468.84, 3604.40, 3654.40,11000.00, 1814.44, 1970.89, 84.50, 84.50,  0.00,      MSMC,        L2,      NONE,      MSMC,       DDR,      MSMC,    0.09,    0.09,    0.00,    0.00,       2,    0.36,
      95,TIDL_ConvolutionLayer,       1,       1,       1,       1,       1,       0,       0,       0,       1,         1,     128,     128,      26,      26,      26,      26,   60.41,60406.66,41911.10,41961.10, 7100.00,11345.56,    0.00, 84.50, 84.50, 16.75,      MSMC,        L2,      NONE,      MSMC,       DDR,      MSMC,    0.09,    0.14,    0.00,    0.00,       1,   53.43,
      97,TIDL_ConvolutionLayer,       1,       1,       1,       1,       1,       0,       0,       0,       1,         1,     128,      64,      26,      26,      26,      26,   35.94,35943.82,21181.60,21231.60, 7100.00, 7612.22,    0.00, 84.50, 42.25,  8.38,      MSMC,        L2,      NONE,      MSMC,       DDR,      MSMC,    0.09,    0.07,    0.00,    0.00,       1,   40.10,
     100,TIDL_ConvolutionLayer,       3,       3,       1,       1,       1,       0,       0,       0,       1,         1,      64,      64,      26,      26,      26,      26,  110.39,110390.42,93459.30,93509.30, 7100.00, 9781.11,    0.00, 42.25, 42.25, 36.38,      MSMC,        L2,      NONE,      MSMC,       DDR,      MSMC,    0.05,    0.10,    0.00,    0.00,       1,   64.71,
     104,TIDL_ConvolutionLayer,       3,       3,       1,       1,       1,       0,       0,       0,       1,         1,      64,      64,      26,      26,      26,      26,  110.39,110390.42,93459.30,93509.30, 7100.00, 9781.11,    0.00, 42.25, 42.25, 36.38,      MSMC,        L2,      NONE,      MSMC,       DDR,      MSMC,    0.05,    0.10,    0.00,    0.00,       1,   64.71,
     108,TIDL_ConvolutionLayer,       1,       1,       1,       1,       1,       0,       0,       0,       1,         1,      64,       1,      26,      26,      26,      26,   20.12,20120.05,10555.60,10605.60, 7100.00, 2414.44,    0.00, 42.25,  1.38,  0.25,      MSMC,        L2,      NONE,      MSMC,       DDR,      MSMC,    0.05,    0.00,    0.00,    0.00,       1,    0.47,
      99,TIDL_ConvolutionLayer,       3,       3,       1,       1,       1,       0,       0,       0,       1,         1,      64,      64,      26,      26,      26,      26,  110.39,110390.42,93459.30,93509.30, 7100.00, 9781.11,    0.00, 42.25, 42.25, 36.38,      MSMC,        L2,      NONE,      MSMC,       DDR,      MSMC,    0.05,    0.10,    0.00,    0.00,       1,   64.71,
     103,TIDL_ConvolutionLayer,       3,       3,       1,       1,       1,       0,       0,       0,       1,         1,      64,      64,      26,      26,      26,      26,  110.39,110390.42,93459.30,93509.30, 7100.00, 9781.11,    0.00, 42.25, 42.25, 36.38,      MSMC,        L2,      NONE,      MSMC,       DDR,      MSMC,    0.05,    0.10,    0.00,    0.00,       1,   64.71,
     106,TIDL_ConvolutionLayer,       1,       1,       1,       1,       1,       0,       0,       0,       1,         1,      64,       1,      26,      26,      26,      26,   20.12,20120.05,10555.60,10605.60, 7100.00, 2414.44,    0.00, 42.25,  1.38,  0.25,      MSMC,        L2,      NONE,      MSMC,       DDR,      MSMC,    0.05,    0.00,    0.00,    0.00,       1,    0.47,
     107,TIDL_ConvolutionLayer,       1,       1,       1,       1,       1,       0,       0,       0,       1,         1,      64,       4,      26,      26,      26,      26,   20.42,20420.05,10555.60,10605.60, 7100.00, 2714.44,    0.00, 42.25,  5.38,  0.62,      MSMC,        L2,      NONE,      MSMC,       DDR,      MSMC,    0.05,    0.01,    0.00,    0.00,       1,    1.86,
     110,TIDL_ConcatLayer,       1,       1,       1,       1,       1,       0,       0,       0,       1,         0,       6,       6,      26,      26,      26,      26,   18.52,18521.09, 1672.20, 1722.20,16500.00,  298.89, 1518.89,  8.00,  8.00,  0.00,      MSMC,        L2,      NONE,      MSMC,       DDR,      MSMC,    0.01,    0.01,    0.00,    0.00,       2,    0.03,
      96,TIDL_ConvolutionLayer,       3,       3,       1,       2,       2,       0,       0,       0,       1,         1,     128,     128,      26,      26,      13,      13,  238.95,238946.72,203384.50,203434.50, 7100.00,28412.22,    0.00, 84.50, 21.12,144.75,      MSMC,        L2,      NONE,      MSMC,       DDR,      MSMC,    0.09,    0.21,    0.00,    0.00,       1,   46.97,
      98,TIDL_ConcatLayer,       1,       1,       1,       1,       1,       0,       0,       0,       1,         0,     256,     256,      13,      13,      13,      13,   14.11,14105.53, 1952.20, 2002.20,11000.00, 1103.33, 1188.67, 48.75, 42.25,  0.00,      MSMC,        L2,      NONE,      MSMC,       DDR,      MSMC,    0.05,    0.04,    0.00,    0.00,       2,    0.23,
     101,TIDL_ConvolutionLayer,       1,       1,       1,       1,       1,       0,       0,       0,       1,         1,     256,     128,      13,      13,      13,      13,   42.35,42345.17,23138.50,23188.50, 7100.00,12056.67,    0.00, 42.25, 21.12, 32.75,      MSMC,        L2,      NONE,      MSMC,       DDR,      MSMC,    0.05,    0.10,    0.00,    0.00,       1,   31.84,
     105,TIDL_ConvolutionLayer,       1,       1,       1,       1,       1,       0,       0,       0,       1,         1,     128,     128,      13,      13,      13,      13,   28.09,28094.50,11874.50,11924.50, 7100.00, 9070.00,    0.00, 21.12, 21.12, 16.75,      MSMC,        L2,      NONE,      MSMC,       DDR,      MSMC,    0.02,    0.08,    0.00,    0.00,       1,   23.20,
     109,TIDL_ConvolutionLayer,       3,       3,       1,       1,       1,       0,       0,       0,       1,         1,     128,     128,      13,      13,      13,      13,  135.27,135273.17,101986.50,102036.50, 7100.00,26136.67,    0.00, 21.12, 21.12,144.75,      MSMC,        L2,      NONE,      MSMC,       DDR,      MSMC,    0.02,    0.21,    0.00,    0.00,       1,   44.89,
     102,TIDL_ConvolutionLayer,       1,       1,       1,       1,       1,       0,       0,       0,       1,         1,     256,     128,      13,      13,      13,      13,   42.35,42345.17,23138.50,23188.50, 7100.00,12056.67,    0.00, 42.25, 21.12, 32.75,      MSMC,        L2,      NONE,      MSMC,       DDR,      MSMC,    0.05,    0.10,    0.00,    0.00,       1,   31.84,
     111,TIDL_ConcatLayer,       1,       1,       1,       1,       1,       0,       0,       0,       1,         0,     256,     256,      13,      13,      13,      13,   14.11,14105.53, 1952.20, 2002.20,11000.00, 1103.33, 1188.67, 42.25, 42.25,  0.00,      MSMC,        L2,      NONE,      MSMC,       DDR,      MSMC,    0.05,    0.04,    0.00,    0.00,       2,    0.24,
     112,TIDL_ConvolutionLayer,       1,       1,       1,       1,       1,       0,       0,       0,       1,         1,     256,     256,      13,      13,      13,      13,   74.63,74631.57,45824.90,45874.90, 7100.00,21656.67,    0.00, 42.25, 42.25, 65.50,      MSMC,        L2,      NONE,      MSMC,       DDR,      MSMC,    0.05,    0.19,    0.00,    0.00,       1,   38.89,
     113,TIDL_ConvolutionLayer,       1,       1,       1,       1,       1,       0,       0,       0,       1,         1,     256,      64,      13,      13,      13,      13,   26.20,26201.97,11795.30,11845.30, 7100.00, 7256.67,    0.00, 42.25, 10.62, 16.38,      MSMC,        L2,      NONE,      MSMC,       DDR,      MSMC,    0.05,    0.05,    0.00,    0.00,       1,   22.20,
     115,TIDL_ConvolutionLayer,       3,       3,       1,       1,       1,       0,       0,       0,       1,         1,      64,      64,      13,      13,      13,      13,   41.67,41668.63,25875.30,25925.30, 7100.00, 8643.33,    0.00, 10.62, 10.62, 36.38,      MSMC,        L2,      NONE,      MSMC,       DDR,      MSMC,    0.01,    0.07,    0.00,    0.00,       1,   33.39,
     117,TIDL_ConvolutionLayer,       3,       3,       1,       1,       1,       0,       0,       0,       1,         1,      64,      64,      13,      13,      13,      13,   41.67,41668.63,25875.30,25925.30, 7100.00, 8643.33,    0.00, 10.62, 10.62, 36.38,      MSMC,        L2,      NONE,      MSMC,       DDR,      MSMC,    0.01,    0.07,    0.00,    0.00,       1,   33.39,
     120,TIDL_ConvolutionLayer,       1,       1,       1,       1,       1,       0,       0,       0,       1,         1,      64,       1,      13,      13,      13,      13,   11.47,11472.57, 3045.90, 3095.90, 7100.00, 1276.67,    0.00, 10.62,  0.38,  0.25,      MSMC,        L2,      NONE,      MSMC,       DDR,      MSMC,    0.01,    0.00,    0.00,    0.00,       1,    0.15,
     114,TIDL_ConvolutionLayer,       3,       3,       1,       1,       1,       0,       0,       0,       1,         1,      64,      64,      13,      13,      13,      13,   41.67,41668.63,25875.30,25925.30, 7100.00, 8643.33,    0.00, 10.62, 10.62, 36.38,      MSMC,        L2,      NONE,      MSMC,       DDR,      MSMC,    0.01,    0.07,    0.00,    0.00,       1,   33.39,
     116,TIDL_ConvolutionLayer,       3,       3,       1,       1,       1,       0,       0,       0,       1,         1,      64,      64,      13,      13,      13,      13,   41.67,41668.63,25875.30,25925.30, 7100.00, 8643.33,    0.00, 10.62, 10.62, 36.38,      MSMC,        L2,      NONE,      MSMC,       DDR,      MSMC,    0.01,    0.07,    0.00,    0.00,       1,   33.39,
     118,TIDL_ConvolutionLayer,       1,       1,       1,       1,       1,       0,       0,       0,       1,         1,      64,       1,      13,      13,      13,      13,   11.47,11472.57, 3045.90, 3095.90, 7100.00, 1276.67,    0.00, 10.62,  0.38,  0.25,      MSMC,        L2,      NONE,      MSMC,       DDR,      MSMC,    0.01,    0.00,    0.00,    0.00,       1,    0.15,
     119,TIDL_ConvolutionLayer,       1,       1,       1,       1,       1,       0,       0,       0,       1,         1,      64,       4,      13,      13,      13,      13,   11.77,11772.57, 3045.90, 3095.90, 7100.00, 1576.67,    0.00, 10.62,  1.38,  0.62,      MSMC,        L2,      NONE,      MSMC,       DDR,      MSMC,    0.01,    0.00,    0.00,    0.00,       1,    0.61,
     121,TIDL_ConcatLayer,       1,       1,       1,       1,       1,       0,       0,       0,       1,         0,       6,       6,      13,      13,      13,      13,   18.27,18274.33, 1461.00, 1511.00,16500.00,  263.33, 1323.33,  2.00,  2.00,  0.00,      MSMC,        L2,      NONE,      MSMC,       DDR,      MSMC,    0.00,    0.00,    0.00,    0.00,       2,    0.01,
     122,TIDL_DetectionOutputLayer,       1,       1,       1,       1,       1,       0,       0,       0,       1,         0,       6,       1,      52,      52,    1405,       1, 2006.00,2006000.00,    0.00,2000000.00,    0.00,    0.00,2000000.00, 31.75,  5.50,  0.00,      MSMC,        L2,      NONE,      MSMC,       DDR,      MSMC,    0.03,    0.01,    0.00,    0.00,       2,    0.00,
     123,TIDL_OdOutputReformatLayer,       1,       1,       1,       1,       1,       0,       0,       0,       1,         0,       1,       1,    1405,       1,       5,     200,    6.52, 6520.83,   91.45,  520.83,    0.00,    0.00,  520.83,  5.50,  4.00,  0.00,      MSMC,        L2,      MSMC,       DDR,       DDR,      MSMC,    0.01,    0.00,    0.00,    0.00,       2,    0.01,
     124,TIDL_OdOutputReformatLayer,       1,       1,       1,       1,       1,       0,       0,       0,       1,         0,       1,       1,    1405,       1,     200,       1,    6.38, 6381.94,   78.29,  381.94,    0.00,    0.00,  381.94,  5.50,  0.88,  0.00,      MSMC,        L2,      MSMC,       DDR,       DDR,      MSMC,    0.01,    0.00,    0.00,    0.00,       2,    0.00,
-------------------------Network summary-----------------------
Release version = TI_NETWORK_COMPILER_11.00.00
Total Network Cycles (mega)        =    11.40
total Network time (us)          = 11396.62
MSMC SRAM BW (Mega Bytes) : Read  =    12.84
MSMC SRAM BW (Mega Bytes) : Write =    13.70
MSMC SRAM BW (Mega Bytes) : Total =    26.54
DDR BW (Mega Bytes) : Read  =     5.14
DDR BW (Mega Bytes) : Write =     0.36
DDR BW (Mega Bytes) : Total =     5.50
---------------------------------------------------------------
*********   Configuration Parameters - For internal/debug use only *************
CPUFREQ_MHZ  = 1000
L2MEMSIZE_KB  =  224
MATPANELSIZE  =   32
LOOPSETUP_CYCLES  =   75
LAYERSETUP_CYCLES  = 6000
MMACORELOOP_OH  =  103
NUMCORES  =    1
CORE_START_IDX  =    0
MSMCSIZE_KB  = 1024
BUSWIDTH_L3_L2  = 1024
BUSWIDTH_DDR  =   32
DDRFREQ_MHZ  = 3200
NUMEMIF_PORTS  =    1
DDR_EFFICIENCY  = 0.60
MSMC_EFFICIENCY  = 0.90
L2_EFFICIENCY  = 0.95
BANKCONFLICTFACT  = 1.10
MSMC_READFACT  = 3.00
DATATYPE  =    0
INWIDTH  =  416
INHEIGHT  =  416
NUMCHANNELS  =    3
NUM_BIAS_INSTANCE  =    1
NUM_PANELSPLITS_VERTICAL  =    1
NUM_WRITEPORTS_L3  =    1
NUM_SE_READPORTS_L3  =    0
NUM_SE_READPORTS_L2  =    2
NUM_DRU_PORTS  =    1
BPANEL_WRITE_PORTS  =    1
NUM_LUT_WRITEMMA  =    0
BATCH_SIZE  =    1
